"UPC","Item","Size","QTY","Best Case Price"
"00000008256607","AMERICAN ANTHEM VODKA 10/12PKS, 50ML [216128]","50ML","10",0
"00000008257606","CIROC VS, LTR [243503]","LTR","12",0
"00000008262802","BULLEIT RYE, 200 [215287]","200","48",0
"00000008776509","SEAGRAMS SEVEN CROWN 12/CS, 375 [204836]","375","12",0
"0000008260901","CIROC BLACK RASPBERRY 4/15PK, 50ML [243208]","50ML","4",0
"0008000772699","SMIRNOFF KISSED CAR TW RD 12/C, 375 [249146]","375","12",0
"0008156650002","KETEL BOT PEACH & ORANGE BL, 50ML [229088]","50ML","10",0
"0008156810000","KETEL BOT CUCUMBER MINT, LTR [229093]","LTR","12",0
"00081753809591","CLICQUOT VINT *08 6/CS, 750 [228174]","750","6",382
"00081753810924","MOET BRUT GR VN ROSE 09/12 6/C, 750 [263095]","750","6",360
"00081753811020","DOM PERIGNON 08 6/CS, 750 [263180]","750","6",893
"00081753811020","ONP DOM PERIGNON 06 6/CS, 750 [263434]","750","6",648
"00081753811075","DOM PERIGNON 2008, 1.5 [263162]","1.5","3",1287
"00081753815554","HENNESSY BLACK HOLIDAY GB 2019, 750 [261194]","750","12",376.75
"00081753820084","MOET IMPERIAL GOLDEN 6/CS, 750 [263126]","750","6",249.56
"00081753821913","CLICQUOT LGD GIFT 6/CS 750, 750 [228044]","750","6",714
"00081753822422","DOM PERIGNON 08 GIFT 6/CS, 750 [263181]","750","6",893
"00081753822439","DOM PERIGNON ROSE 05 3/CS, 750 [263185]","750","3",780
"00081753824747","ONP MOET NEC IMP ROS LUMI 6/CS, 750 [263144]","750","6",310
"00081753825737","GLENMORANGIE TUSAIL 6/CS, 750 [220654]","750","6",442
"00081753826512","GLENMORANGIE 10YR PIONEER W/50, 750 [220634]","750","6",197
"00081753826673","CLICQUOT Y/L SHOPPING BAG 6/CS, 750 [228014]","750","6",280.5
"00081753826741","HENNESSY VS 2019 EOY GB, 750 [261175]","750","12",0
"00081753826857","CLICQUOT VINT ROSE 2008 6/CS, 750 [228244]","750","6",0
"00081753827618","CLICQUOT ROSE MESSAGE VAP 6/C, 750 [228184]","750","6",295
"00081753829575","BELVEDERE UF SMOOGORY 6/CS, LTR [214113]","LTR","6",0
"00081753830007","BELVEDERE UF BARTEZEK 6/CS 750, 750 [214154]","750","6",23.75
"00081753830045","CLICQUOT Y/L ICE JAC W/H, 750 [228124]","750","12",543
"00081753830724","HENNESSY XO GB 12/CS, 375 [261256]","375","12",0
"00081753830830","BELVEDERE PURE GB 6/CS, 750 [214135]","750","6",0
"00081753838796","BELVEDERE PURE 750 JAR VAP, 750 [214125]","750","6",23.75
"00082000003762","GODIVA DARK CHOC LIQ 12/CS, 375 [204556]","375","12",108
"00082000004585","CROWN ROYAL REGAL APPLE 10/6PK, 50ML [204898]","50ML","10",159.54
"00082000726807","SMIRNOFF APPLE TW 12/10PK, 50ML [249628]","50ML","12",127
"00082000726852","SMIRNOFF CITRUS TW 12/10PK, 50ML [249238]","50ML","12",127
"00082000748618","LAGAVULIN DE 43 6/CS, 750 [221255]","750","6",494
"00082000757658","CAPT MORGAN SPICED RUM 48/CS, 100 [204609]","100","48",129.95
"00082000760467","CAPT MORGAN SILVER SPICED RUM, 750 [204614]","750","12",134.29
"00082000765356","CROWN ROYAL 44/CS, 200 [204867]","200","44",351.69
"00082000767183","MORTLACH 25YO 3/CS, 750 [221474]","750","3",2324.97
"00082000771548","CROWN ROYAL REGAL APPLE 44/CS, 200 [204897]","200","44",351.69
"00082000786467","GEORGE DICKEL TABASCO B 12/10P, 50ML [279608]","50ML","12",0
"00082000786474","GEORGE DICKEL TABASCO BARREL, 750 [279604]","750","12",0
"00082000786641","SMIRNOFF PEACH FL 12/CS, 375 [249826]","375","12",0
"00085155273400","CHANDON ROSE AMERICAN SUM 18, 750 [263254]","750","12",204
"00085155273486","CHANDON ROSE AMERICAN SUMMER, 187 [263526]","187","24",0
"00085155273615","CHANDON SWEET STAR ALUM 24/CS, 187 [263817]","187","24",0
"00085156750009","KETEL BOT GRAPEFRUIT & ROSE, 50ML [229078]","50ML","10",0
"00085156850006","KETEL BOT CUCUMBER MINT 10/12P, 50ML [229098]","50ML","10",0
"00086767520104","RUMPLE MINZE 48/CS, 200 [204267]","200","48",330.58
"00086767704498","BAILEYS SALTED CARAMEL, 750 [204094]","750","12",274.5
"00086767705013","BAILEYS RED VELVET, 750 [214044]","750","12",0
"00087000004122","BULLEIT BOURBON 12/CS, 375 [215216]","375","12",177.75
"00087000005525","BULLEIT BOURBON, 750 [215204]","750","12",361.75
"0008700000554","BULLEIT BOURBON, LTR [215203]","LTR","12",430.15
"00088076152267","BUCHANAN'S 18YR 6/CS, 750 [243054]","750","6",445.33
"00088076161658","MOET BR IMP ROSE NV 6C 236155, 750 [236164]","750","6",268
"0008807617145","GLENKINCHIE 12YR SCOTCH, 750 [221394]","750","12",527.25
"00088076176424","J WALKER GOLD LABEL RES 6/CS, 750 [220004]","750","6",337.82
"00088076179998","J WALKER GREEN 6/CS, 750 [220194]","750","6",290.94
"00088076180314","THE CALLY 40YO D1974, 750 [221634]","750","6",5539
"00088076180635","LAGAVULIN 8YO 6/CS, 750 [221614]","750","6",0
"00088076180635","LAGAVULIN 8YO, 750 [221694]","750","12",0
"00088076181083","LAGAVULIN 25YO 6/CS, 750 [221664]","750","6",0
"00088076183650","ROE & COE IRISH WHISKEY 6/SC, 750 [219004]","750","6",0
"00088076184114","GOT J WALKER SONG OF FIRE, 750 [261474]","750","12",0
"00088076184121","GOT J WALKER SONG OF ICE, 750 [261464]","750","12",0
"0008811001130","J WALKER BLACK SQ 24/CS, 200 [220157]","200","24",257
"00088110021139","J WALKER RED SQ 24/CS, 200 [200007]","200","24",159.5
"00088110551056","MOET IMPERIAL EOY 2018 GB 6/CS, 750 [263101]","750","6",249.56
"00088110552404","MOET BR IMP ROSE LOVE GIFT 6/C, 750 [263155]","750","6",268
"00088110955304","BUCHANAN'S 12YO, LTR [243043]","LTR","12",518
"0082000750710�","SMIRNOFF PEACH, 750 [249814]","750","12",134.35
"0082000786665","SMIRNOFF CITRUS TW FL 12/CS, 375 [249236]","375","12",0
"0085156875009","KETEL BOT CUCUMBER MINT, 750 [229094]","750","12",0
"0087000007246�","CROWN ROYAL BAR PK, LTR [204801]","LTR","12",405.75
"0087000007246�","CROWN ROYAL, LTR [204803]","LTR","12",405.75
"0087000201781�","CAPT MORGAN PRIVATE STOCK, 750 [204624]","750","12",303.25
"0088076161863�","CIROC VODKA 12/CS, 750 [243101]","750","12",345.55
"0088076162648�","CIROC VODKA, 1.75 [243102]","1.75","6",302.35
"0088076163164�","J WALKER RED, 1.75 [220052]","1.75","6",215.95
"0088076163171�","J WALKER BLACK, 1.75 [220042]","1.75","6",408
"0088076171657�","TALISKER 12YR DE 43.5 6/CS, 750 [221344]","750","6",401.94
"0088076180307","DAILUAINE 34YO D1980, 750 [221644]","750","6",2770
"0088076181373","J WALKER 18YR 6/CS, LTR [220303]","LTR","6",0
"00898017002038","DELEON EXTRA ANEJO 6/CS, 750 [291204]","750","6",1400
"0674545000322�","DON JULIO 1942 6/CS, 750 [217984]","750","6",603.32
"0674545000605�","DON JULIO REPOS 12/CS, 375 [217956]","375","12",281
"070759126115","TOMOLIVES GREEN, 8OZ [229010]","8OZ","12",28
"075496000407","ANGOSTURA BITTERS 12/CS, 4OZ [213158]","4OZ","12",86
"075496001602","ANGOSTURA BITTERS, 16OZ [213155]","16OZ","12",198.78
"075496002005","ANGOSTURA BITTERS 12/CS, 200 [213156]","200","12",129.41
"0754963311143","ANGOSTURA ORANGE BITTERS 12/CS, 4OZ [213159]","4OZ","12",86
"080076172498��","OBAN 18YR 86 PR 6/CS, 750 [221284]","750","6",0
"081753809416","CLICQUOT ROSE 3/CS, 1.5 [228182]","1.5","3",374
"081753810825","GLENMORANGIE 10YR 6/CS, LTR [220613]","LTR","6",260
"081753817916","GLENMORANGIE EMBLEM + 2GL VAP, 750 [220635]","750","6",0
"081753820947","ONP MOET RES IMPERIAL 6/CS, 750 [263120]","750","6",0
"081753825706","DOM PERIGNON LUMIN 09 L4 3/CS, 750 [263454]","750","3",0
"081753827922","CLICQUOT RICH ROSE 6/CS, 750 [228224]","750","6",0
"0817538285592","GLENMORANGIE BACALTA 6/CS, 750 [220644]","750","6",0
"081753828936","GLENMO 10YR+LANSANTA 50ML&VAP, 750 [220775]","750","6",0
"081753829186","BELVEDERE PURE ICE DUO VAP 6/C, 750 [214144]","750","6",0
"081753829285","ARDBEG 10Y FATHERS DAY VAP 6/C, 750 [220745]","750","6",265
"081753829285","ARDBEG 10YO WAREHOUSE 2017 VAP, 750 [220735]","750","6",0
"081753829315","ARDBEG AN OA 6/CS, 750 [220884]","750","6",0
"081753829865","HENNESSY MASTER BLEND SEL#2, 750 [261084]","750","12",0
"081753830069","BELVEDERE GINGER ZEST 6/CS, LTR [215193]","LTR","6",0
"081753830076","BELVEDERE GINGER ZEST 6/CS, 750 [215194]","750","6",0
"081753830083","GLENMORANGIE SPIOS 6/CS, 750 [220694]","750","6",0
"081753830137","ARDBEG GROOVES COM RELEASE 6/C, 750 [220984]","750","6",0
"081753830441","CLICQUOT ROSE ICE JACKET 6/CS, 750 [228195]","750","6",295
"081753830595","MOET ROSE IMP FESTIVE 18 GB 6/, 750 [236165]","750","6",0
"081753830632","BELVEDERE LAOLU 2018 LE, 1.75 [214122]","1.75","6",0
"081753830649","BELVEDERE LAOLU 2018 LE, 750 [214224]","750","6",0
"081753830670","MOET ROSE IMP FESTIVE 18 6/CS, 750 [236174]","750","6",0
"081753830908","MOET NECTAR IMP ROSE ABLOH 6/C, 750 [263184]","750","6",0
"081753831011","MOET ROSE IMP LIV TIES GB 6/CS, 750 [236155]","750","6",0
"081753831165","GLENMORANGIE ALLTA 6/CS, 750 [220764]","750","6",0
"081753831288","ARDBEG DRUM COMMITTEE R 6/CS, 750 [220994]","750","6",0
"081753831677","ARDBEG 10YR CAMPFIRE 2/MUG 6/C, 750 [220754]","750","6",0
"082000000051","SMIRNOFF 80 LOVE WINS, LTR [249213]","LTR","12",0
"082000000051","SMIRNOFF 80, LTR [249203]","LTR","12",187
"082000000068","SMIRNOFF 80 GLASS, 750 [249204]","750","12",134.35
"082000000082","SMIRNOFF 80 PET, 200 [249207]","200","48",184.75
"082000000099��","SMIRNOFF 100, LTR [249223]","LTR","12",220.69
"082000000105��","SMIRNOFF 100, 750 [249224]","750","12",191.89
"082000000129��","SMIRNOFF 100 PET, 200 [249227]","200","48",191.66
"082000000150��","SMIRNOFF SILVER 90, LTR [249253]","LTR","12",196.59
"082000000242��","SMIRNOFF 80 48/CS, 100 [249210]","100","48",92.2
"0820000006121","SMIRNOFF Z WATERM & MINT 12/10, 50ML [249508]","50ML","12",0
"082000001027","SMIRNOFF APPLE TW, LTR [249623]","LTR","12",187
"082000001034","SMIRNOFF APPLE TW, 1.75 [249622]","1.75","6",102.94
"082000001041��","SMIRNOFF APPLE TW, 750 [249624]","750","12",134.35
"082000001102��","SMIRNOFF APPLE TW RD 12/CS, 375 [249629]","375","12",80.47
"082000001119","SMIRNOFF APPLE TW FL 12/CS, 375 [249626]","375","12",0
"082000001140","SMIRNOFF RASPBERRY TW FL 12/CS, 375 [249609]","375","12",0
"082000001171��","SMIRNOFF WATERMELON TW, 750 [249644]","750","12",134.35
"082000001188��","SMIRNOFF WATERMELON TW, LTR [249643]","LTR","12",187
"082000001225","SMIRNOFF CRANBERRY TW, 750 [249634]","750","12",134.35
"082000001232","SMIRNOFF CRANBERRY TW, LTR [249633]","LTR","12",187
"082000001263��","SMIRNOFF WATERMELON TW RD 12/C, 375 [249646]","375","12",80.47
"082000001270��","SMIRNOFF WATERMELON TWIST, 1.75 [249642]","1.75","6",102.94
"082000001492��","SMIRNOFF LIME TW RD 12/CS, 375 [249566]","375","12",80.47
"082000001515��","SMIRNOFF BLUEBERRY 12/CS, 375 [249666]","375","12",80.47
"082000001539��","CIROC VODKA 4/15PKS, 50ML [243108]","50ML","4",129.92
"082000001775��","SMIRNOFF PASSION FRUIT 12/CS, 375 [249546]","375","12",80.47
"082000001799��","SMIRNOFF GRAPE 12/CS, 375 [249536]","375","12",80.47
"082000002451��","SMIRNOFF PINEAPPLE TWIST 12/CS, 375 [249176]","375","12",80.47
"082000002826��","SMIRNOFF PEACH RD 12/CS, 375 [249816]","375","12",80.47
"082000003823��","CROWN ROYAL XO, 750 [204904]","750","12",270
"082000003861","SMIRNOFF ORANGE TW, 750 [249194]","750","12",134.35
"082000003885","SMIRNOFF ORANGE TW ROUND 12/CS, 375 [249196]","375","12",80.47
"082000003908","SMIRNOFF ORANGE TW 12/CS, 50ML [249198]","50ML","12",127
"082000003915","SMIRNOFF CITRUS TW, 750 [249234]","750","12",134.35
"082000003922","SMIRNOFF CITRUS TW, LTR [249231]","LTR","12",187
"082000003939","SMIRNOFF CITRUS TW RD 12/CS, 375 [249233]","375","12",80.47
"082000003960��","SMIRNOFF RASPBERRY TW, 750 [249604]","750","12",134.35
"082000003977","SMIRNOFF RASPBERRY TW, LTR [249603]","LTR","12",187
"082000003984","SMIRNOFF RASPBERRY TW RD 12/CS, 375 [249606]","375","12",80.47
"082000004011","SMIRNOFF VANILLA TW, 750 [249614]","750","12",134.35
"082000004028","SMIRNOFF VANILLA TW, LTR [249613]","LTR","12",187
"082000004035��","SMIRNOFF VANILLA TW RD 12/CS, 375 [249616]","375","12",80.47
"082000004059","SMIRNOFF VANILLA TW 12/10PK, 50ML [249618]","50ML","12",127
"082000004721","SMIRNOFF 80 50ML 12/CS, 50ML [249201]","50ML","12",151
"082000005018","SHADY FRUIT VALENCIA ORANGE, 50ML [207508]","50ML","12",79.2
"082000005148","SMIRNOFF PEPPERMINT TW 12/10PK, 50ML [249418]","50ML","12",127
"082000005506��","SMIRNOFF 100 12/10PK, 50ML [249228]","50ML","12",143
"082000005582","BAILEYS STRAWBERRY & CR 4/20P, 50ML [214038]","50ML","4",0
"082000005612��","SMIRNOFF 80 PET FLASK, 375 [249206]","375","24",160.93
"082000005629��","SMIRNOFF 100 PET, 375 [249226]","375","24",169.6
"082000005780","GORDONS PINK GIN, 750 [215134]","750","12",0
"082000005896","SMIRNOFF MOSCOW MULE 12/10PK, 50ML [249018]","50ML","12",0
"082000006074","J WALKER 18YR 24/CS, 200 [220307]","200","24",0
"082000006084","J WALKER GOLD LABEL RES 24/CS, 200 [220007]","200","24",0
"082000006114","J WALKER BLUE 12/6PK, 50ML [220068]","50ML","12",0
"082000006138","SMIRNOFF ZERO STRAW/ROSE 12/10, 50ML [249408]","50ML","12",0
"082000006145","SMIRNOFF ZERO CUCUM/LIME 12/10, 50ML [249308]","50ML","12",0
"082000009504","SMIRNOFF 80 PET, 750 [249244]","750","12",134.35
"0820000778516","BULLEIT BOURBON STRENGTH 6/CS, 750 [215224]","750","6",0
"082000105701��","SMIRNOFF 80 GLASS, 1.75 [249202]","1.75","6",102.94
"082000105749��","SMIRNOFF 100 PET, 1.75 [249222]","1.75","6",190.2
"0820004788225","SMIRNOFF WATERMELON TW FL 12/C, 375 [249649]","375","12",0
"082000723875","SMIRNOFF ORANGE TW, LTR [249193]","LTR","12",187
"082000723899","SMIRNOFF ORANGE TW, 1.75 [249192]","1.75","6",102.94
"082000723943","SMIRNOFF CITRUS TW, 1.75 [249232]","1.75","6",102.94
"082000723998","SMIRNOFF RASPBERRY TW, 1.75 [249602]","1.75","6",102.94
"082000724049","SMIRNOFF VANILLA TW, 1.75 [249612]","1.75","6",102.94
"082000726951��","SMIRNOFF RASPBERRY TW 12/10PK, 50ML [249608]","50ML","12",127
"082000727408��","SMIRNOFF WATERMELON TW 12/10PK, 50ML [249648]","50ML","12",127
"082000727606��","SMIRNOFF 80 PET, 1.75 [249211]","1.75","6",102.94
"082000727668��","SMIRNOFF CRANBERRY TW 12/10PK, 50ML [249638]","50ML","12",127
"082000727699","SMIRNOFF CRANBERRY TW, 1.75 [249632]","1.75","6",102.94
"082000729334��","SMIRNOFF STRAWBERRY TW RD 12/C, 375 [249656]","375","12",80.47
"082000729341��","SMIRNOFF STRAWBERRY TW, 750 [249654]","750","12",134.35
"082000729358��","SMIRNOFF STRAWBERRY TW, LTR [249653]","LTR","12",187
"082000729365��","SMIRNOFF STRAWBERRY TW, 1.75 [249652]","1.75","6",102.94
"082000729372��","SMIRNOFF STRAWBERRY TW 12/10PK, 50ML [249658]","50ML","12",127
"082000731511��","SMIRNOFF CHERRY TW, 1.75 [249592]","1.75","6",102.94
"082000731528��","SMIRNOFF CHERRY TW, LTR [249593]","LTR","12",187
"082000731535��","SMIRNOFF CHERRY TW, 750 [249594]","750","12",134.35
"082000731542��","SMIRNOFF CHERRY TW RD 12, 375 [249596]","375","12",80.47
"082000731641��","SMIRNOFF CHERRY TW 12/10PK, 50ML [249598]","50ML","12",127
"082000732846��","SMIRNOFF LIME TW 12/10PK, 50ML [249568]","50ML","12",127
"082000732860��","SMIRNOFF LIME TW, 750 [249564]","750","12",134.35
"082000732884��","SMIRNOFF LIME TW, 1.75 [249562]","1.75","6",102.94
"082000732891��","SMIRNOFF BLUEBERRY 12/10PK, 50ML [249668]","50ML","12",127
"082000732914��","SMIRNOFF BLUEBERRY, 750 [249664]","750","12",134.35
"082000732921��","SMIRNOFF BLUEBERRY, LTR [249663]","LTR","12",187
"082000732938��","SMIRNOFF BLUEBERRY, 1.75 [249662]","1.75","6",102.94
"082000734338��","CROWN ROYAL XR 6/CS, 750 [204794]","750","6",719.94
"082000739913��","SMIRNOFF PASSION FRUIT 12/10PK, 50ML [249548]","50ML","12",127
"082000739937��","SMIRNOFF PASSION FRUIT, 750 [249544]","750","12",134.35
"082000739944��","SMIRNOFF PASSION FRUIT, LTR [249543]","LTR","12",187
"082000739951��","SMIRNOFF PASSION FRUIT, 1.75 [249542]","1.75","6",102.94
"082000740360��","SMIRNOFF POMEGRANATE TW 12/10P, 50ML [249709]","50ML","12",127
"082000740384��","SMIRNOFF POMEGRANATE TW, 750 [249704]","750","12",134.35
"082000740391��","SMIRNOFF POMEGRANATE TW, LTR [249703]","LTR","12",187
"082000740414��","SMIRNOFF GRAPE 12/10PK, 50ML [249538]","50ML","12",127
"082000740438��","SMIRNOFF GRAPE, 750 [249534]","750","12",134.35
"082000740445��","SMIRNOFF GRAPE, LTR [249533]","LTR","12",187
"082000740452��","SMIRNOFF GRAPE, 1.75 [249532]","1.75","6",102.94
"082000741633��","CROWN ROYAL GLASS SET 6/CS, 750 [204805]","750","6",161.24
"082000741961��","CAPT MORGAN 100 PROOF 12/10 PK, 50ML [204728]","50ML","12",79.2
"082000741978��","CAPT MORGAN 100 PROOF, 375 [204726]","375","24",240.45
"082000741985��","CAPT MORGAN 100 PROOF, 750 [204724]","750","12",235.88
"082000741992��","CAPT MORGAN 100 PROOF, LTR [204723]","LTR","12",307
"082000742005��","CAPT MORGAN 100 PROOF, 1.75 [204722]","1.75","6",196.5
"082000747291��","SMIRNOFF PINEAPPLE TW 12/10PKS, 50ML [249178]","50ML","12",127
"082000747314��","SMIRNOFF PINEAPPLE TWIST, 750 [249174]","750","12",134.35
"082000747321��","SMIRNOFF PINEAPPLE TWIST, LTR [249173]","LTR","12",187
"082000747338��","SMIRNOFF PINEAPPLE TWIST, 1.75 [249172]","1.75","6",102.94
"082000747642��","SMIRNOFF 100 ROOT BEER 12/10PK, 50ML [249278]","50ML","12",121.61
"082000748076��","SEAGRAMS SEVEN DK HONEY 12/10, 50ML [204838]","50ML","12",147
"082000749547��","SMIRNOFF 100 ESPRESSO 12/10PK, 50ML [249268]","50ML","12",121.61
"082000750178","CAPT MORGAN LIME BITE, 750 [204774]","750","12",134.29
"082000750192","CAPT MORGAN LIME BITE GLASS, 1.75 [204772]","1.75","6",143.4
"082000750437","CROWN ROYAL BLACK 90PR, 750 [204864]","750","12",379.8
"082000750444","CROWN ROYAL BLACK 90PR, LTR [204863]","LTR","12",441.5
"082000750451","CROWN ROYAL BLACK 90PR, 1.75 [204862]","1.75","6",326.33
"082000750697��","SMIRNOFF PEACH 12/10PK, 50ML [249818]","50ML","12",127
"082000750727��","SMIRNOFF PEACH, LTR [249813]","LTR","12",187
"082000750734��","SMIRNOFF PEACH, 1.75 [249812]","1.75","6",102.94
"082000751793��","SMIRNOFF MANGO 12/10PK, 50ML [249808]","50ML","12",127
"082000751816��","SMIRNOFF MANGO, 750 [249804]","750","12",134.35
"082000751823��","SMIRNOFF MANGO, LTR [249803]","LTR","12",187
"082000755609��","SMIRNOFF COCONUT 12/10PK, 50ML [249588]","50ML","12",0
"082000755632","SMIRNOFF COCONUT, 750 [249584]","750","12",134.35
"082000755647","SMIRNOFF COCONUT, 1.75 [249582]","1.75","6",102.94
"082000757504��","SMIRNOFF WHIPPED 12/10PK, 50ML [249168]","50ML","12",127
"082000757511��","SMIRNOFF WHIPPED, 750 [249164]","750","12",134.35
"082000757528��","SMIRNOFF WHIPPED, LTR [249163]","LTR","12",187
"082000757900��","CAPT MORGAN BLACK, 750 [204594]","750","12",231
"082000757917��","CAPT MORGAN BLACK, LTR [204593]","LTR","12",302
"082000757986��","SMIRNOFF WHIPPED, 1.75 [249162]","1.75","6",102.94
"082000758433","NAKED TURTLE 12/10PK, 50ML [205108]","50ML","12",79.2
"082000758440","NAKED TURTLE, 750 [205104]","750","12",115
"082000758457","NAKED TURTLE, LTR [205103]","LTR","12",167.88
"082000758464","NAKED TURTLE, 1.75 [205102]","1.75","6",86.35
"082000759102","CAPT MORGAN SPICED PET BRL BTL, 1.75 [204601]","1.75","6",143.4
"082000759607��","SMIRNOFF KISSED CARAMEL 12/10P, 50ML [249148]","50ML","12",127
"082000759614��","SMIRNOFF KISSED CARAMEL, 750 [249144]","750","12",134.35
"082000759621��","SMIRNOFF KISSED CARAMEL, LTR [249143]","LTR","12",187
"082000759638��","SMIRNOFF KISSED CARAMEL GL, 1.75 [249142]","1.75","6",102.94
"082000759720��","BULLEIT BOURBON 12/10PK, 50ML [215208]","50ML","12",277.93
"082000759898","CROWN ROYAL MAPLE, 750 [204784]","750","12",322.47
"082000760665","CABIN FEVER MAPLE WHISKY, 375 [202906]","375","24",120
"082000760832��","BULLEIT BOURBON 10YR 91.2, 750 [215214]","750","12",489
"082000761440��","SMIRNOFF MANGO/PASS LT SORBET, 750 [249844]","750","12",134.35
"082000761488��","SMIRNOFF RASP/POM LT SORBET, 750 [249834]","750","12",134.35
"082000761556��","SMIRNOFF MANGO/PASS LT 12/10PK, 50ML [249848]","50ML","12",127
"082000761563��","SMIRNOFF RASP/POM LT SOR 12/10, 50ML [249838]","50ML","12",127
"082000761808��","SMIRNOFF ROOTBEER FLOAT 12/10P, 50ML [249828]","50ML","12",127
"082000764397","SMIRNOFF COCONUT TW 24/CS, 200 [249587]","200","24",0
"082000764403","SMIRNOFF PEACH TW 24/CS, 200 [249817]","200","24",0
"082000764717��","SMIRNOFF WILD HONEY, LTR [249553]","LTR","12",0
"082000764793��","SMIRNOFF PINE/COCONUT LT 12/10, 50ML [249868]","50ML","12",0
"082000764809��","SMIRNOFF PINE/COCONUT LT SOR, 750 [249864]","750","12",67
"082000766070��","BULLEIT RYE, 1.75 [215282]","1.75","6",293.94
"082000766087","BULLEIT RYE 12/PK, 375 [215286]","375","12",177.75
"082000766698��","GODIVA DARK CHOC LIQ, 750 [204554]","750","12",316.6
"082000766780��","CAPT MORGAN WHITE RUM 12/10PK, 50ML [204038]","50ML","12",110.94
"082000766827��","CAPT MORGAN WHITE RUM, 750 [204034]","750","12",134.29
"082000766834��","CAPT MORGAN WHITE RUM, LTR [204033]","LTR","12",260.45
"082000766858��","CAPT MORGAN WHITE RUM, 1.75 [204032]","1.75","6",143.4
"082000766865","GEORGE DICKEL WHITE, 750 [279334]","750","12",120
"082000767145","MORTLACH RARE OLD 6/CS, 750 [221584]","750","6",337
"082000767350","FORGED OAK 15YO 6/CS, 750 [271404]","750","6",0
"082000770831","IW HARPER, 750 [217004]","750","12",335.93
"082000772736","CAPT MORGAN CANNONBLAST 6/CS, 750 [204514]","750","6",83.94
"082000772743","CAPT MORGAN CANNONBLAST 6/CS, LTR [204513]","LTR","6",107.94
"082000773368","CROWN ROYAL N HARVEST RYE, 375 [214806]","375","24",240
"082000773375","CROWN ROYAL N HARVEST RYE, 750 [214804]","750","12",364
"082000773382","CROWN ROYAL N HARVEST RYE, LTR [214803]","LTR","12",451
"082000775430","SMIRNOFF SOUR BERRY LEMON, 750 [248624]","750","12",134.35
"082000775836","SMIRNOFF PEPPERMINT TW, 750 [249414]","750","12",0
"082000776109","SMIRNOFF SRCE RUBY RED GRAPEFR, 750 [245904]","750","12",134.35
"082000776116","SMIRNOFF SRCE RUBY RED GRAPEFR, LTR [245903]","LTR","12",187
"082000776208","SMIRNOFF SRCE CRANBERRY APPLE, 750 [245914]","750","12",134.35
"082000776284","BAILEYS ALMANDE, 750 [214024]","750","12",0
"082000776574","CROWN ROYAL VANILLA, 200 [205907]","200","44",351.69
"082000776581","CROWN ROYAL VANILLA, 375 [205906]","375","24",349.42
"082000776598","CROWN ROYAL VANILLA, 750 [205904]","750","12",322.47
"082000776604","CROWN ROYAL VANILLA, LTR [205903]","LTR","12",405.75
"082000776611","CROWN ROYAL VANILLA, 1.75 [205902]","1.75","6",290.94
"082000781295","CAPT MORGAN LOCO-NUT 6/CS, 750 [204914]","750","6",0
"082000781301","CAPT MORGAN LOCO-NUT 6/CS, LTR [204913]","LTR","6",0
"082000782094","SMIRNOFF SRCE WATERMELON, 750 [245934]","750","12",0
"082000782384","CROWN ROYAL WINE BARREL FINISH, 750 [203214]","750","6",0
"082000782698","CROWN ROYAL BLENDERS MASH, 750 [205704]","750","12",0
"082000782919","CROWN ROYAL PEACH, 750 [206904]","750","12",0
"082000783978","CROWN ROYAL SALTED CARAMEL, 750 [205804]","750","12",0
"082000784562","CAPT MORGAN WATERMELON S 6/CS, 750 [203604]","750","6",0
"082000785262","CROWN ROYAL NOBLE 13YO BL MASH, 750 [205504]","750","6",0
"082000786528","CIROC SUMMER COLADA 12/CS, 375 [273196]","375","12",0
"082000786658","SMIRNOFF PINEAPPLE TW FL 12/CS, 375 [249179]","375","12",0
"082000787747","SMIRNOFF PINEAPPLE TW 24/CS, 200 [249177]","200","24",0
"082000787815","CAPT MORGAN APPLE SMASH 6/CS, 750 [206704]","750","6",0
"082000787839","CROWN ROYAL TEXAS MESQUITE, 750 [205604]","750","12",0
"082000787976","SMIRNOFF VANILLA TW 24/CS, 200 [249617]","200","24",0
"082000787983","SMIRNOFF WATERMELON TW 24/CS, 200 [249647]","200","24",0
"082000788218��","SMIRNOFF VANILLA TW FL 12/CS, 375 [249619]","375","12",0
"082000788232","SMIRNOFF CITRUS TW 24/CS, 200 [249237]","200","24",0
"082000788416","SMIRNOFF MOSCOW MULE, 750 [249014]","750","12",0
"082000788508","SMIRNOFF CITRUS TW PET FLSK, 750 [249235]","750","12",0
"082000788515","SMIRNOFF APPLE TW PET FLSK, 750 [249625]","750","12",0
"082000788522","SMIRNOFF RASPBERRY TW PET FLSK, 750 [249605]","750","12",0
"082000789000","CROWN ROYAL APPLE & VAN 2/12, 375 [205905]","375","12",0
"082000789253","SMIRNOFF ORNAMENT 6/CS, 750 [249275]","750","6",0
"082000790372","RHETORIC 25YR 6/CS, 750 [271324]","750","6",0
"082000790808","SMIRNOFF ZERO WATERMELON/MINT, 750 [249504]","750","12",0
"082000790815","SMIRNOFF ZERO STRAW/ROSE, 750 [249404]","750","12",0
"082000790822","SMIRNOFF ZERO CUCUM/LIME, 750 [249304]","750","12",95.9
"082000790877","CROWN ROYAL W/2 50ML VAN/APP, 750 [204825]","750","6",0
"082000790884","SEAGRAMS SEVEN W/ 2 50ML VAP, 1.75 [204832]","1.75","6",0
"082000790969","THE WALKING DEAD BOURBON, 750 [215414]","750","12",0
"082000791133","CAPT MORGAN HITCHHICKER PK PET, 1.75 [204672]","1.75","6",0
"082255404","CIROC FRENCH VANILLA 4/15PKS, 50ML [243198]","50ML","4",0
"08241906","DELEON REPOSADO 12/CS, 375 [219116]","375","12",317
"08246503","DELEON REPOSADO 3/CS, 1.75 [219112]","1.75","3",275
"08246804","DELEON LEONA 1/CS, 750 [219304]","750","1",500
"08247803","CAPT MORGAN CANNONBLAST 12/10, 50ML [204518]","50ML","12",119.2
"08250506","SMIRNOFF SOUR BERRY LEMON, 50ML [248518]","50ML","12",127
"08251602","SMIRNOFF SRCE RUBY RED GRAPEFR, 50ML [245908]","50ML","12",127
"08251806","SMIRNOFF SRCE CRANBERRY APPLE, 50ML [245918]","50ML","12",127
"08252300","CROWN ROYAL VANILLA 10/6PKS, 50ML [205908]","50ML","10",159.54
"08252407","CIROC APPLE 4/15PK, 50ML [243178]","50ML","4",129.92
"08253600","CIROC MANGO 4/15PK, 50ML [243188]","50ML","4",129.92
"08254308","CAPT MORGAN LOCO-NUT 12/10PKS, 50ML [204918]","50ML","12",0
"08254405","CIROC SUMMER COLADA 4/15PK, 50ML [273198]","50ML","4",0
"08254609","SMIRNOFF SRCE WATERMELON, 50ML [245938]","50ML","12",0
"08254900","BUCHANAN'S 12YO 16/12PKS, 50ML [243048]","50ML","16",0
"085155000013","CHANDON BRUT, 750 [263244]","750","12",204
"085155000044","CHANDON ETOILE 6/CS, 750 [263194]","750","6",108
"08515500037","CHANDON BL DE NOIR, 750 [263234]","750","12",204
"085155221012","CHANDON BRUT 24/CS, 187 [263248]","187","24",121.5
"085155273349","CHANDON SWEET STAR SWEET LIFE, 750 [263814]","750","12",0
"085155273349","CHANDON SWEET STAR, 750 [263804]","750","12",0
"085155273424","SMOKE TREE CHARD 15/16, 750 [229104]","750","12",0
"085155273431","SMOKE TREE PINOT NOIR 2016, 750 [229114]","750","12",0
"085155273455","CHANDON SWEET STAR 24/CS, 187 [263807]","187","24",0
"085155273523","SMOKE TREE ROSE 17/19, 750 [229124]","750","12",0
"085156018017��","KETEL ONE VODKA 10/12PKS GL, 50ML [229008]","50ML","10",255.19
"085156122158��","KETEL ONE VODKA 12/CS, 375 [229006]","375","12",85.63
"085156210039","KETEL ONE 325TH ANNIVERSARY, LTR [229063]","LTR","6",172.69
"085156220007","KETEL ONE VODKA 24/CS, 200 [229007]","200","24",171.25
"085156410002","KETEL ONE ORANJE, LTR [229053]","LTR","12",345.38
"085156420001","KETEL ONE ORANJE 24/CS, 200 [229057]","200","24",171.25
"085156437009","KETEL ONE ORANJE 12/CS, 375 [229056]","375","12",85.63
"085156450008","KETEL ONE ORANJE 10/12 PKS, 50ML [229058]","50ML","10",255.19
"085156515417��","KETEL ONE VODKA, 750 [229004]","750","12",220.75
"085156610006","KETEL BOT PEACH & ORANGE BLOSS, LTR [229083]","LTR","12",0
"085156610419","KETEL ONE ARNOLD PALMER LTD, LTR [229013]","LTR","12",0
"085156610419��","KETEL ONE VODKA, LTR [229003]","LTR","12",345.38
"085156675005","KETEL BOT PEACH & ORANGE BLOSS, 750 [229084]","750","12",0
"085156710003","KETEL BOT GRAPEFRUIT & ROSE, LTR [229073]","LTR","12",0
"085156775002","KETEL BOT GRAPEFRUIT & ROSE, 750 [229074]","750","12",0
"085156803682��","KETEL ONE VODKA, 1.75 [229002]","1.75","6",199.94
"085456471001","KETEL ONE ORANJE, 1.75 [229052]","1.75","6",199.94
"085456475001","KETEL ONE ORANJE, 750 [229054]","750","12",220.75
"086767210029","BAILEYS IRISH CREAM, 1.75 [204012]","1.75","6",222.5
"086767210043","BAILEYS IRISH CREAM, LTR [204013]","LTR","12",345.9
"086767210067","BAILEYS FESTIVE, 750 [204135]","750","12",0
"086767210067","BAILEYS IRISH CREAM, 750 [204014]","750","12",274.5
"086767210098","BAILEYS IRISH CREAM 12/CS, 375 [204016]","375","12",163.79
"086767210104","BAILEYS IRISH CREAM 24/CS, 200 [204017]","200","24",177.9
"086767240026","EMMETS IRISH CREAM, 1.75 [204022]","1.75","6",148.61
"086767240040","EMMETS IRISH CREAM, LTR [204023]","LTR","12",187
"086767240064��","EMMETS IRISH CREAM, 750 [204024]","750","12",153.9
"086767520043��","RUMPLE MINZE, LTR [204253]","LTR","12",324.3
"086767520067��","RUMPLE MINZE, 750 [204254]","750","12",268
"086767520098��","RUMPLE MINZE 12/CS, 375 [204256]","375","12",148.62
"086767700933��","BAILEYS IRISH CREAM 4/20, 50ML [204018]","50ML","4",157.05
"086767701367","BAILEYS 4/24PK (SL=6/4PK), 100 [204019]","100","4",183.77
"086767703798��","RUMPLE MINZE 12/10PKS, 50ML [204259]","50ML","12",247
"086767704566","BAILEYS ESPRESSO CREAM, 750 [204214]","750","12",274.5
"086767704573","BAILEYS ESPRESSO CREAM, LTR [204213]","LTR","12",345.9
"086767704818","BAILEYS W/2 BOWLS VAP 6/CS, 750 [204145]","750","6",0
"086767704832","BAILEYS STRAWBERRY & CREAM LTD, 750 [214034]","750","12",0
"086767706696","BAILEYS PUMPKIN SPICE 4/20PK, 50ML [214018]","50ML","4",157.05
"086816327371","CABIN FEVER MAPLE WSKY 12/10PK, 50ML [202908]","50ML","12",155.09
"087000002708��","CAPT MORGAN SPICED RUM, LTR [204603]","LTR","12",260.45
"087000002715��","CAPT MORGAN SPICED RUM, 750 [204604]","750","12",134.29
"087000002739��","CAPT MORGAN SPICED RUM PET, 200 [204607]","200","48",205.37
"087000002777��","CAPT MORGAN SPICED RUM PET, 375 [204606]","375","24",171.26
"087000003118��","GODIVA CHOCOLATE LIQUEUR, 750 [204504]","750","12",316.6
"087000003125��","GODIVA CHOCOLATE LIQUEUR 12/CS, 375 [204506]","375","12",164.45
"087000003163��","GODIVA CHOC LIQUEUR 6/10 PKS, 50ML [204508]","50ML","6",175.6
"087000003262��","SEAGRAMS SEVEN CROWN 12/10, 50ML [204828]","50ML","12",151.19
"087000003316��","CAPT MORGAN SILVER SPICED RUM, LTR [204613]","LTR","12",260.45
"087000004139��","BULLEIT BOURBON, 200 [215207]","200","48",403.15
"087000005518��","GODIVA WHITE CHOCOLATE, 750 [204524]","750","12",316.6
"087000005525","BULLEIT BOURBON TATTOO LE, 750 [215234]","750","12",0
"087000005532��","GODIVA WHITE CHOCOLATE 12/CS, 375 [204526]","375","12",164.45
"087000005556��","GODIVA WHITE CHOCOLATE 6/10PK, 50ML [204528]","50ML","6",175.6
"087000007253��","CROWN ROYAL - 204805, 750 [204804]","750","12",322.47
"087000007321��","SEAGRAMS SEVEN CROWN, LTR [204823]","LTR","12",197.49
"087000007338��","SEAGRAMS SEVEN CROWN, 750 [204824]","750","12",160.4
"087000007352","SEAGRAMS SEVEN CROWN 24/PK, 200 [204837]","200","24",0
"087000007352��","SEAGRAMS SEVEN CROWN, 200 [204827]","200","48",184.79
"087000007604��","CROWN ROYAL, 375 [204806]","375","24",349.42
"087000007659��","SEAGRAMS SEVEN CROWN, 375 [204826]","375","24",164.41
"087000201156��","CAPT MORGAN SPICED RUM GLASS, 1.75 [204602]","1.75","6",143.4
"087000201330��","CROWN ROYAL RESERVE, 750 [204814]","750","12",505.25
"087000201484��","CAPT MORGAN SILVER SPICED RUM, 1.75 [204612]","1.75","6",143.4
"087000202078��","CAPT MORGAN PRIVATE STOCK, LTR [204623]","LTR","12",336
"087000202443��","CAPT MORGAN PRIVATE STOCK, 1.75 [204621]","1.75","6",256
"087000506336��","CAPT MORGAN SPICED RUM 12/10PK, 50ML [204608]","50ML","12",183.25
"087000700604��","CROWN ROYAL, 1.75 [204802]","1.75","6",290.94
"087000700703��","SEAGRAMS SEVEN CROWN PET, 1.75 [204822]","1.75","6",109.95
"087000701045��","CROWN ROYAL 10/6PK, 50ML [204808]","50ML","10",159.54
"088004143534��","PIMM'S CUP, LTR [250123]","LTR","12",249.15
"088004143541��","PIMM'S CUP, 750 [250124]","750","12",201.49
"088076006225��","GEORGE DICKEL #12, LTR [279313]","LTR","12",316.61
"088076006232","GEORGE DICKEL #12, 750 [279314]","750","12",258.56
"088076006423��","GEORGE DICKEL #8, LTR [279303]","LTR","12",213.63
"088076006430��","GEORGE DICKEL #8, 750 [279304]","750","12",187
"088076030060","PAMPERO ANIVERSARIO 6/CS, 750 [215244]","750","6",141.97
"088076161597��","J WALKER BLUE 24/CS, 200 [220067]","200","24",1267.2
"088076161870��","CIROC VODKA 12/CS, LTR [243100]","LTR","12",448.92
"088076162655��","CIROC VODKA 12/CS, 375 [243106]","375","12",174.3
"088076163386��","TANQUERAY NO TEN, 1.75 [220112]","1.75","6",269
"088076163461��","CAOL ILA 12YR 6/CS, 750 [221304]","750","6",297.91
"088076163485��","CLYNELISH 14YR 6/CS, 750 [221324]","750","6",292
"088076164710��","TALISKER 18YR 91.6* 6/CS, 750 [221334]","750","6",656
"088076166585��","CRAGGANMORE 12YR DIS EDIT 6/CS, 750 [221215]","750","6",332.83
"088076166608��","DALWHINNIE DE 43 6/CS, 750 [221225]","750","6",361.84
"088076167896��","J WALKER BLUE 3/CS, 1.75 [220062]","1.75","3",1336.47
"088076168640��","TANQUERAY RANGPUR, 750 [220164]","750","12",297.5
"088076168909��","ZWACK 6/CS, 750 [211134]","750","6",113.33
"088076170087��","BUCHANAN'S RED SEAL 6/CS, 750 [243064]","750","6",758.5
"088076171213��","WHITE HORSE SCOTCH, 375 [215266]","375","24",202.13
"088076171220��","WHITE HORSE SCOTCH, 750 [215264]","750","12",187.55
"088076171244��","WHITE HORSE SCOTCH, 1.75 [215262]","1.75","6",171.07
"088076173774��","CIROC VODKA 24/CS, 200 [243107]","200","24",234.18
"088076174641","OLD PARR 12 YR OLD, 750 [215274]","750","12",370.38
"088076174948","CIROC COCONUT 12/CS, 375 [243116]","375","12",174.3
"088076174955","CIROC COCONUT 12/CS, 750 [243111]","750","12",345.55
"088076174962","CIROC COCONUT 12/CS, LTR [243110]","LTR","12",448.92
"088076174979","CIROC COCONUT, 1.75 [243112]","1.75","6",302.35
"088076175044","CIROC RED BERRY 12/CS, 375 [243126]","375","12",174.3
"088076175051","CIROC RED BERRY 12/CS, 750 [243121]","750","12",345.55
"088076175068","CIROC RED BERRY 12/CS, LTR [243120]","LTR","12",448.92
"088076175075","CIROC RED BERRY, 1.75 [243122]","1.75","6",302.35
"088076175952��","CIROC COCONUT 4/15 PKS, 50ML [243118]","50ML","4",129.92
"088076175976��","CIROC RED BERRY 4/15 PKS, 50ML [243128]","50ML","4",129.92
"088076176294��","CARDHU SCOTCH 6/CS, 750 [215014]","750","6",220.14
"088076177383��","CIROC PEACH 4/15PK, 50ML [243138]","50ML","4",129.92
"088076177390��","CIROC PEACH 12/CS, 375 [243136]","375","12",174.3
"088076177406","CIROC PEACH 12/CS, 750 [243131]","750","12",345.55
"088076177413","CIROC PEACH 12/CS, LTR [243130]","LTR","12",448.92
"088076177420��","CIROC PEACH, 1.75 [243132]","1.75","6",302.35
"088076177703��","J WALKER DOUBLE BLACK 6/CS, 750 [220034]","750","6",266.67
"088076177796��","CIROC COCONUT 24/CS, 200 [243117]","200","24",234.18
"088076177802��","CIROC RED BERRY 24/CS, 200 [243127]","200","24",234.18
"088076177819","J WALKER DOUBLE BLACK, LTR [220033]","LTR","12",599.88
"088076178403��","CIROC PEACH 24/CS, 200 [243137]","200","24",234.18
"088076178656","TANQUERAY MALACCA GIN 6/CS, LTR [220193]","LTR","6",0
"088076179066","CIROC PINEAPPLE 24/CS, 200 [243157]","200","24",234.18
"088076179073","CIROC PINEAPPLE 12/CS, 375 [243156]","375","12",174.3
"088076179080","CIROC PINEAPPLE 12/CS, 750 [243154]","750","12",345.55
"088076179097","CIROC PINEAPPLE 12/CS, LTR [243153]","LTR","12",448.92
"088076179103","CIROC PINEAPPLE, 1.75 [243152]","1.75","6",302.35
"088076179226��","J WALKER COLLECTION 6/4PK, 200 [220087]","200","6",450
"088076179387��","PIMM'S BLACKBERRY ELDERFL, 750 [270104]","750","12",90
"088076179414","OBAN LITTLE BAY, 750 [221434]","750","12",656.38
"088076179707","CAOL ILA 15YR 6/CS, 750 [221604]","750","6",0
"088076180277","J WALKER 10YR RYE CASK 6/CS, 750 [220084]","750","6",215.94
"088076180437","CIROC APPLE 24/CS, 200 [243177]","200","24",234.18
"088076180444","CIROC APPLE 12/CS, 375 [243176]","375","12",174.3
"088076180451","CIROC APPLE, 750 [243174]","750","12",345.55
"088076180468","CIROC APPLE, LTR [243173]","LTR","12",448.92
"088076180475","CIROC APPLE, 1.75 [243172]","1.75","6",302.35
"08807618057","SINGLETON 12YO 6/CS, 750 [221204]","750","6",0
"088076180680","CIROC MANGO 12/CS, 375 [243186]","375","12",174.3
"088076180697","CIROC MANGO 12/CS, 750 [243184]","750","12",345.55
"088076180765","SINGLETON 18YO 6/CS, 750 [221264]","750","6",0
"088076180871","CIROC MANGO 24/CS, 200 [243187]","200","24",234.18
"08807618088","CIROC MANGO, LTR [243183]","LTR","12",448.92
"088076180895","CIROC MANGO, 1.75 [243182]","1.75","6",302.35
"088076181175","BUCHANAN'S 12YR 24/CS, 200 [243047]","200","24",0
"088076181304","CIROC SUMMER COLADA, 750 [273194]","750","12",0
"088076181366","J WALKER 18YR, 750 [220304]","750","6",0
"088076181540","CIROC FRENCH VANILLA, 750 [243194]","750","12",0
"088076181595","J WALKER BLENDERS WINE CASK BL, 750 [220094]","750","12",0
"088076181632","CIROC FRENCH VANILLA 24/CS, 200 [243197]","200","24",0
"088076181656","CIROC FRENCH VANILLA 12/CS, 375 [243196]","375","12",0
"088076181663","CIROC FRENCH VANILLA, LTR [243193]","LTR","12",0
"088076181670","CIROC FRENCH VANILLA, 1.75 [243192]","1.75","6",0
"088076181700","TEANINICH 17YO 111.8 6/CS, 750 [221104]","750","6",0
"088076182448","BAILEYS MINIS 4X8X3PKS, 100 [204119]","100","4",0
"088076182547","J WALKER ""JANE WALKER 2.0"" 6/C, 750 [220144]","750","6",0
"088076182622","DON JULIO REPOS DBL CASK 6/CS, 750 [217934]","750","6",0
"088076182691","BUCHANANS 15YR, 750 [243084]","750","12",0
"088076182721","DON JULIO REPO PR CASK CONDESA, 750 [217814]","750","6",0
"088076182752","CLASSIC MALTS COASTAL (8X3), 200 [221107]","200","8",0
"088076182776","CLASSIC MALTS STRONG (8X3), 200 [221117]","200","8",0
"088076182868","MORTLACH 12YR 6/CS, 750 [221484]","750","6",0
"088076182899","J WALKER BLK W/DB/GOLD 50M 750, 750 [220225]","750","6",0
"088076183025","GOT SINGLETON TULLY 6/CS, 750 [221605]","750","6",0
"088076183032","GOT DALWHINNIE STARK 6/CS, 750 [221615]","750","6",0
"088076183049","GOT CARDHU TARGARYAN 6/CS, 750 [221625]","750","6",0
"088076183063","GOT OBAN KNIGHTS WATCH 6/CS, 750 [221645]","750","6",0
"088076183315","CIROC BLACK RASPBERRY, LTR [243203]","LTR","12",0
"088076183407","CIROC MOSHINO W/SHOT GLS 6/CS, 750 [243115]","750","6",0
"088076183728","CIROC SUMMER WATERMELON, 750 [243304]","750","12",0
"088076184633","GOT MORTLACH 15YR 6/CS, 750 [221294]","750","6",0
"088076201323��","GEORGE DICKEL BARREL SELECT, 750 [279504]","750","12",460
"088076201507��","GEORGE DICKEL #8 12/10PKS, 50ML [279308]","50ML","12",79.2
"088110000059","PINCH DIMPLE 15YR OLD, 750 [215054]","750","12",393
"08811000066","PINCH DIMPLE 15YR OLD, LTR [215053]","LTR","12",470.29
"088110011000","J WALKER BLACK PET 10/12PK, 50ML [220041]","50ML","10",399
"088110011192","J WALKER BLACK SQUARE, 375 [220046]","375","24",445.5
"088110011406","J WALKER BLACK, LTR [220043]","LTR","12",520.9
"088110021009","J WALKER RED PET 10/PK, 50ML [220051]","50ML","10",239.25
"088110021191","J WALKER RED SQUARE, 375 [220056]","375","24",265.49
"088110021306","J WALKER RED, 750 [220054]","750","12",273.3
"088110021405","J WALKER RED, LTR [220053]","LTR","12",333.5
"088110070052","J WALKER BLUE LABEL 6/CS, 750 [220064]","750","6",1232.94
"088110077307","J WALKER BLACK, 750 [220044]","750","12",412.7
"088110090050","CRAGGANMORE 12YR OLD SCOTCH, 750 [221194]","750","12",570
"088110100056��","DALWHINNIE 15YR OLD SCOTCH, 750 [221224]","750","12",605.88
"088110110017��","TANQUERAY GIN PET 50ML 10/12PK, 50ML [220171]","50ML","10",207.2
"088110110109","TANQUERAY GIN FLASK, 200 [220177]","200","48",301.29
"088110110307","TANQUERAY GIN, 750 [220174]","750","12",283.09
"088110110406","TANQUERAY GIN, LTR [220173]","LTR","12",340.5
"088110110505","TANQUERAY GIN, 1.75 [220172]","1.75","6",204.5
"088110110604","TANQUERAY GIN FLASK, 375 [220175]","375","24",265.59
"088110110642","TANQUERAY GIN ROUND, 375 [220176]","375","24",265.59
"088110111069","TANQUERAY STERLING VODKA, LTR [220183]","LTR","12",220
"088110140052��","LAGAVULIN 16YR SCOTCH 12/CS, 750 [221254]","750","12",786.84
"088110150501","HENNESSY VS 10/12PK, 50ML [261181]","50ML","10",415
"088110150556","HENNESSY VS, 750 [261184]","750","12",376.75
"088110150563","HENNESSY VS ROUND, LTR [261183]","LTR","12",493.88
"088110150587","HENNESSY VS, 1.75 [261182]","1.75","6",417
"088110151010","HENNESSY PRIV VSOP 10/12PK, 50ML [261298]","50ML","10",565.82
"088110151058","HENNESSY PRIV VSOP, 750 [261294]","750","12",625.72
"088110151065","HENNESSY PRIV VSOP, LTR [261293]","LTR","12",826.59
"088110153052","HENNESSY XO ODYSSEY SLEEVE, 750 [261244]","750","12",2224
"088110153052","HENNESSY XO, 750 [261234]","750","12",2224
"088110156152","HENNESSY PARADIS 6/CS, 750 [261214]","750","6",4500
"088110158590","TANQUERAY NO TEN, LTR [220133]","LTR","12",412.68
"088110158965","TERRAZAS MALBEC 17/18, 750 [262514]","750","12",107
"088110160050","OBAN 14YR OLD SCOTCH, 750 [221234]","750","12",665.88
"088110170059��","TALISKER 10YR MALT SCOTCH, 750 [221244]","750","12",646.77
"088110185606","TANQUERAY NO TEN, 750 [220114]","750","12",355
"088110511005","HENNESSY PRIV VSOP 24/CS FLASK, 200 [261297]","200","24",326.96
"088110551025","MOET IMPERIAL 24/CS, 187 [263107]","187","24",280
"088110551032","MOET IMPERIAL 12/CS, 375 [263106]","375","12",276
"088110551056","MOET IMP EOY 18 FESTIVE GB 6/C, 750 [263205]","750","6",0
"088110551070","MOET IMPERIAL 3/CS, 1.5 [263102]","1.5","3",269.1
"088110551254","MOET NECTAR IMP 6/CS, 750 [263114]","750","6",257
"088110552404","MOET ROSE IMP UNCONV LOVE GIFT, 750 [263175]","750","6",0
"08811091025","GRAND MARNIER, LTR [220123]","LTR","12",439.22
"088110931018","GRAND MARNIER, 1.75 [220122]","1.75","6",371.02
"088110931032","GRAND MARNIER, 750 [220124]","750","12",360.6
"088110931049","GRAND MARNIER ROUND 24/CS, 375 [220126]","375","24",416.37
"088110935016","GRAND MARNIER 100 6/CS, 750 [220134]","750","6",835
"088110955311��","BUCHANAN'S 12YR, 1.75 [243042]","1.75","6",460
"088110955328","BUCHANAN'S 12YR OLD SCOTCH, 750 [243044]","750","12",479.89
"088110955335��","BUCHANAN'S 12YR, 375 [243046]","375","24",438.93
"088110985004��","J&B SCOTCH, 1.75 [261702]","1.75","6",209.95
"088110985028��","J&B SCOTCH, LTR [261703]","LTR","12",316.69
"088110985042��","J&B SCOTCH, 750 [261704]","750","12",249.49
"088110985080��","J&B SCOTCH FLASK 12/CS, 375 [261706]","375","12",128.5
"088110985097��","J&B SCOTCH FLASK 24/CS, 200 [261707]","200","24",155.85
"088415000044","CHANDON ETOILE ROSE 6/CS, 750 [263224]","750","6",120
"088600000002��","GORDON GIN PET, 1.75 [215102]","1.75","6",139.94
"088600000019��","GORDON GIN, LTR [215103]","LTR","12",191.9
"088600000026��","GORDON GIN, 750 [215114]","750","12",172.68
"088600000040��","GORDON GIN PET, 200 [215107]","200","48",198.51
"088600000064��","GORDON GIN PET, 375 [215106]","375","24",169.54
"088600000101","GORDON VODKA 80 PET, 1.75 [215122]","1.75","6",119.95
"088600000118","GORDON VODKA 80, LTR [215123]","LTR","12",172.57
"088600000163","GORDON VODKA 80 PET, 375 [215126]","375","24",128.39
"10082000003998","DELEON PLATINUM 12/CS, 375 [219106]","375","12",299.92
"10082000004049","DELEON PLATINUM 6/CS, 750 [219114]","750","6",275.94
"10082000004063","DELEON PLATINUM 3/CS, 1.75 [219102]","1.75","3",275
"10082000004087","DELEON REPOSADO 6/CS, 750 [219104]","750","6",299.96
"10082000771552","CROWN ROYAL REGAL APPLE, 375 [204896]","375","24",349.42
"10082000771569","CROWN ROYAL REGAL APPLE, 750 [204894]","750","12",322.47
"10082000771583","CROWN ROYAL REGAL APPLE, LTR [204893]","LTR","12",405.75
"10082000771590","CROWN ROYAL REGAL APPLE, 1.75 [204892]","1.75","6",290.94
"10085155275180","CHANDON ROSE ALUM 187ML 24/CS, 187 [263267]","187","24",0
"10087000004044","BULLEIT BOURBON, 1.75 [215202]","1.75","6",293.94
"10088076177786","BUCHANAN'S MASTER, 750 [243074]","750","12",521
"674545000001","DON JULIO BLANCO TEQ 6/CS, 750 [217944]","750","6",265.5
"674545000063","DON JULIO ANEJO 6/CS, 750 [217964]","750","6",299.96
"674545000162��","DON JULIO REAL 6/CS, 750 [217974]","750","6",1452
"674545000414��","DON JULIO REPOS 6/CS, 750 [217954]","750","6",283
"674545000599��","DON JULIO BLANCO 12/CS, 375 [217946]","375","12",264
"674545000612��","DON JULIO ANEJO 12/CS, 375 [217966]","375","12",293.92
"674545000629��","DON JULIO BLANCO 3/CS, 1.75 [217942]","1.75","3",249.58
"674545000636��","DON JULIO REPOS 3/CS, 1.75 [217952]","1.75","3",257.65
"674545000643��","DON JULIO ANEJO 3/CS, 1.75 [217962]","1.75","3",266.68
"674545000827��","DON JULIO 70TH ANNIVERSARY 6/C, 750 [217994]","750","6",290
"674545001084","DON JULIO 1942 4/CS, 1.75 [217982]","1.75","4",0
"674545200548��","DON JULIO BLANCO TEQ 6/10PK, 50ML [217948]","50ML","6",203
"674545200555��","DON JULIO REPOS 6/10PK, 50ML [217958]","50ML","6",0
"674545200562��","DON JULIO ANEJO 6/10PK, 50ML [217968]","50ML","6",231.5
"699013000550��","RON ZACAPA RUM 23YR CENT 6/CS, 750 [204874]","750","6",220.75
"699013000567��","RON ZACAPA XO 6/CS, 750 [204884]","750","6",402.68
"699013000956","RON ZACAPA EDICION NEGRA 6/CS, 750 [204984]","750","6",0
"780999003731��","SMIRNOFF BL MARY MIX 12/CS, 32OZ [248102]","32OZ","12",41.99
"80076183056","GOT LAGAVULIN LANNISTER 6/CS, 750 [221635]","750","6",0
"81753050078","CAPE MENTE SAUV/SEM 17/18 6/CS, 750 [227044]","750","6",78.75
"81753050207","CLICQUOT Y/L BRUT, 750 [228004]","750","12",561
"81753050221","CLICQUOT Y/L BRUT, 375 [228006]","375","24",584
"81753050351","CLICQUOT DEMI-SEC, 750 [228034]","750","12",534
"8175319076","KRUG GRAND CUVEE 6/CS, 750 [228934]","750","6",923
"81753800734","CLICQUOT VINT ROSE 2012 6/CS, 750 [228164]","750","6",430
"81753801403","NEWTON CAB SAUV UF *14  6/CS, 750 [228104]","750","6",0
"81753801809","SKYSIDE CHARD 17, 750 [228064]","750","12",218.98
"81753801823","NEWTON CHARD UF 15 6/CS, 750 [228114]","750","6",261
"81753801830","SKYSIDE CAB S 17, 750 [228144]","750","12",0
"81753801847","SKYSIDE RED BLD (CLARET) 17, 750 [228075]","750","12",228
"81753809416","CLICQUOT ROSE N/V, 750 [228194]","750","12",590
"81753809423","CLOUDY BAY SAUV BL *17, 750 [227064]","750","12",0
"81753809423","CLOUDY BAY SAUV BLANC *18, 750 [227084]","750","12",302
"81753809430","CLOUDY BAY P NOIR 15/16 6/CS, 750 [227094]","750","6",183.95
"81753809485","CLICQUOT LA G DAME *08 6/CS, 750 [228314]","750","6",735
"81753810757","MOET ROSE IMP 12/CS, 375 [263166]","375","12",294.39
"81753810818","GLENMORANGIE 10YR 6/CS, 750 [220615]","750","6",197
"81753810849","GLENMORANGIE ER 18YR 6/CS, 750 [220645]","750","6",556
"81753810863","GLENMORANGIE 12YR LASANTA 6/CS, 750 [220665]","750","6",261
"81753810870","GLENMOR QUINTA RUBAN 14YR 6/CS, 750 [220655]","750","6",271
"81753810887","GLENMORANGIE NECTAR D'OR 6/CS, 750 [220675]","750","6",354
"81753810979","CLICQUOT Y/L 3/CS, 1.5 [228013]","1.5","3",321
"81753813093","KRUG VINTAGE 2006 6/CS, 750 [228944]","750","6",1210
"81753814052","GLENMORANGIE SIGNET (4/CS), 750 [220704]","750","4",639
"81753814083","NUMANTHIA TERMANTHIA 12 6/CS, 750 [268725]","750","6",750
"81753814090","NUMANTHIA *15 6/CS, 750 [268704]","750","6",273.45
"81753814113","NUMANTHIA TERMES 15/16  6/CS, 750 [268734]","750","6",136
"81753815554","HENNESSY BLACK, 750 [261164]","750","12",472
"81753815561","HENNESSY BLACK, LTR [261163]","LTR","12",607
"81753816247","ARDBEG CORRYVRECKEN 6/CS, 750 [220794]","750","6",438
"81753816766","MOET NECTAR IMP ROSE 24/CS, 187 [263137]","187","24",352
"81753816773","MOET NECTAR IMP ROSE 12/CS, 375 [263136]","375","12",324
"81753816971","HENNESSY BLACK 12/CS, 375 [261166]","375","12",283
"81753817503","BELVEDERE PINK GRAPEFRUIT 6/CS, 750 [214184]","750","6",23.75
"81753817510","BELVEDERE PINK GRAPEFRUIT 6/CS, LTR [214183]","LTR","6",204.7
"81753817916","GLENMORANGIE 10YO CRAFTMAN CUP, 750 [220765]","750","6",197
"81753818029","MOET ICE IMPERIAL 6/CS, 750 [263084]","750","6",294.24
"81753819170","BELVEDERE UNFILTERED 6/CS, LTR [214403]","LTR","6",239.95
"81753819187","BELVEDERE UNFILTERED 6/CS, 750 [214404]","750","6",23.75
"81753820213","BELVEDERE BLOODY MARY 6/CS, LTR [214193]","LTR","6",133
"81753820503","TERRAZAS TORRONTES RES 17, 750 [262554]","750","12",128
"81753821050","GRAND MARNIER QUINTESSENCE 1/C, 750 [220132]","750","1",600.41
"81753822002","DOM PERIGNON ROSE LUMINOUS 3/C, 750 [263186]","750","3",822
"81753822248","BELVEDERE P RED JOHN LEG 6/CS, 750 [214174]","750","6",23.75
"81753822262","BELVEDERE P RED JOHN LEG 6/CS, 1.75 [214171]","1.75","6",336.6
"81753824495","GRAND MARN RASP PEACH, 750 [220154]","750","12",360.6
"81753824815","BELVEDERE MANGO PASS 6/CS, 750 [215184]","750","6",100
"81753824839","BELVEDERE MANGO PASS 6/CS, LTR [215183]","LTR","6",204.7
"81753825232","ONP CLICQUOT Y/L RESERVE, 750 [228204]","750","12",0
"81753825430","GRAND MARN RASP PEACH 24/CS, 375 [220156]","375","24",300
"81753825584","BELVEDERE WILD BERRY, LTR [214243]","LTR","6",133
"81753825591","BELVEDERE WILD BERRY, 750 [214244]","750","6",23.75
"81753827519","GLENMORANGIE MILSEAN 6/CS, 750 [220784]","750","6",460
"81753827625","BELVEDERE PEACH NECTAR 6/CS, LTR [214313]","LTR","6",204.7
"81753827632","BELVEDERE PEACH NECTAR 6/CS, 750 [214314]","750","6",23.75
"81753828066","ARDBEG 10YR QUADRANT W/UIG 50M, 750 [220894]","750","6",0
"82000002543","SEAGRAMS SEVEN DARK HONEY, 750 [204834]","750","12",160.4
"82000002550","SEAGRAMS SEVEN DARK HONEY, LTR [204833]","LTR","12",197.49
"82000003793","CAPT MORGAN WHITE RUM, 200 [204037]","200","48",185.28
"82000003809","CAPT MORGAN WHITE RUM, 375 [204036]","375","24",149.28
"82000004776","SMIRNOFF RUBY RED GRAPE 12/10P, 50ML [248618]","50ML","12",127
"82000004882","CAPT MORGAN COCONUT, 750 [203504]","750","12",134.29
"82000004929","CAPT MORGAN PINEAPPLE, 750 [203304]","750","12",134.29
"82000004967","CAPT MORGAN GRAPEFRUIT, 750 [203404]","750","12",134.29
"82000743491","CAPTAIN MORGAN LI ICED TEA, 750 [204704]","750","12",124.69
"82000743507","CAPTAIN MORGAN LI ICED TEA PET, 1.75 [204702]","1.75","6",95.95
"82000752967","BULLEIT RYE, 750 [215284]","750","12",361.75
"82000752974","BULLEIT RYE, LTR [215283]","LTR","12",430.15
"82000759454","GEORGE DICKEL RYE, 750 [279704]","750","12",258.56
"820007599461","GEORGE DICKEL RYE, LTR [279703]","LTR","12",316.61
"82000767633","SEAGRAMS 7 CROWN ORCH APPLE, LTR [204923]","LTR","12",0
"82000769903","SMIRNOFF SOUR APPLE, 750 [248404]","750","12",0
"82000769910","SMIRNOFF SOUR APPLE, LTR [248403]","LTR","12",0
"82000769934","SMIRNOFF SOUR PUNCH, 750 [248504]","750","12",67
"82000769965","SMIRNOFF SOUR WATERMELON, 750 [248604]","750","12",134.35
"82000772866","SMIRNOFF RUBY RED GRAPEFRUIT, 750 [248614]","750","12",134.35
"82000772873","SMIRNOFF RUBY RED GRAPEFRUIT, LTR [248613]","LTR","12",187
"82000772880","SMIRNOFF RUBY RED GRAPEFRUIT, 1.75 [248612]","1.75","6",102.94
"82000773146","CAPT MORGAN COCONUT, LTR [203503]","LTR","12",260.45
"82000773153","CAPT MORGAN PINEAPPLE, LTR [203303]","LTR","12",260.45
"82000773177","CAPT MORGAN COCONUT, 1.75 [203502]","1.75","6",143.4
"82000773184","CAPT MORGAN PINEAPPLE, 1.75 [203302]","1.75","6",143.4
"82000773313","CAPT MORGAN GRAPEFRUIT, LTR [203403]","LTR","12",260.45
"82000773320","CAPT MORGAN GRAPEFRUIT, 1.75 [203402]","1.75","6",143.4
"82000788096","SMIRNOFF RED,WHT & BERRY, LTR [249003]","LTR","12",0
"821753826192","ARDBEG PERPETUUM 6/CS, 750 [220854]","750","6",500
"8237107","CIROC PINEAPPLE 4/15PK, 50ML [243158]","50ML","4",129.92
"8241100","SMIRNOFF SOUR APPLE 12/10PK, 50ML [248408]","50ML","12",127
"8241207","SMIRNOFF SOUR PUNCH 12/10PK, 50ML [248508]","50ML","12",127
"8241304","SMIRNOFF SOUR WATERMELON 12/10, 50ML [248605]","50ML","12",127
"8241508","SMIRNOFF PEACH SOR LT 12/10PK, 50ML [248208]","50ML","12",127
"8252009","BAILEYS ALMANDE 12/10PKS, 50ML [214028]","50ML","12",0
"83300072045","ARDBEG UIGEDAIL 6/CS, 750 [220734]","750","6",353
"83300072106","ARDBEG 10YR 6/CS, 750 [220744]","750","6",265
"85155001409","CHANDON ROSE 24/CS, 187 [263277]","187","24",142.5
"85155002017","CHANDON BRUT, 375 [263276]","375","24",234
"85155120407","CHANDON ROSE, 750 [263274]","750","12",204
"85155273219","CHANDON BRUT HOLIDAY, 750 [263604]","750","12",0
"85155273332","CHANDON BRUT AMERICAN SUM 18, 750 [263524]","750","12",204
"8515527340","CHANDON ROSE HOLIDAY, 750 [263275]","750","12",0
"85156003754","KETEL ONE CITROEN 12/CS, 375 [229046]","375","12",85.63
"85156007509","KETEL ONE CITROEN, 750 [229044]","750","12",220.75
"85156010004","KETEL ONE CITROEN, LTR [229043]","LTR","12",345.38
"85156017508","KETEL ONE CITROEN, 1.75 [229042]","1.75","6",199.94
"86767703842","BAILEYS VANILLA CINNAMON, 750 [204074]","750","12",274.5
"86767704436","BAILEYS CHOCOLATE CHERRY, 750 [204084]","750","12",274.5
"86767704504","BAILEYS SALTED CARAMEL, LTR [204093]","LTR","12",345.9
"87116069657","BELVEDERE PURE 12/CS, 375 [214106]","375","12",182.78
"87116069688","BELVEDERE PURE 6/CS, 750 [214104]","750","6",23.75
"87116069732","BELVEDERE PURE 6/CS, 1.75 [214110]","1.75","6",336.6
"87116069817","BELVEDERE PURE 6/CS, LTR [214103]","LTR","6",204.7
"87116069930","BELVEDERE CITRUS 6/CS, LTR [214133]","LTR","6",204.7
"87116069954","BELVEDERE CITRUS 6/CS, 750 [214134]","750","6",23.75
"88076161283","HENNESSY PRIV VSOP, 1.75 [261292]","1.75","6",665.53
"88076161658","MOET NECTAR IMP ROSE 6/CS, 750 [263134]","750","6",310
"88076167209","RUINART BLANC DE BLANCS 12/CS, 375 [227406]","375","12",458
"88076167223","RUINART BLANC DE BLANC 6/CS, 750 [227404]","750","6",410
"88076167346","RUINART ROSE 12/CS, 375 [227416]","375","12",483
"88076167353","RUINART ROSE 6/CS, 750 [227414]","750","6",422
"88076167469","MOET NECT IMP ROSE 3/CS, 1.5 [263132]","1.5","3",318.5
"88076168657","TANQUERAY RANGPUR, LTR [220163]","LTR","12",350.25
"88076168664","TANQUERAY RANGPUR, 1.75 [220162]","1.75","6",211.34
"88076169180","MOET IMPERIAL 1/CS, 3L [263110]","3L","1",357
"88076169432","MOET BRUT IMP ROSE N/V 3/CS, 1.5 [236162]","1.5","3",200
"88076174689","LAGAVULIN 12YR 113 6/CS, 750 [221464]","750","6",645
"88076179028","TALISKER STORM 6/CS, 750 [221414]","750","6",192
"88076182783","J WALKER WHITE WALKER, 750 [220404]","750","12",0
"88110150525","HENNESSY VS 24/CS, 200 [261197]","200","24",207.5
"88110150617","HENNESSY VS 96/CS, 100 [261186]","100","96",541
"88110150624","HENNESSY VS FLASK 12/CS, 375 [261196]","375","12",210.85
"88110150631","HENNESSY VS ROUND 12/CS, 375 [261176]","375","12",210.85
"88110151034","HENNESSY PRIV VSOP FLASK 12/CS, 375 [261285]","375","12",310.4
"88110151034","HENNESSY PRIV VSOP ROUND 12/CS, 375 [261286]","375","12",310.4
"88110158958","TERRAZAS CAB SAUV 17/18, 750 [262504]","750","12",107
"88110158972","TERRAZAS ALTO CHARD 17/18, 750 [262494]","750","12",107
"88110158989","TERRAZAS CAB RES 16, 750 [262534]","750","12",178.5
"881101589966","TERRAZAS MALBEC RES 16/17, 750 [262524]","750","12",178.5
"88110159016","TERRAZAS SV MALBEC 14/15  6CS, 750 [262624]","750","6",257
"88110551025","MOET BRUT IMP ROSE N/V 24/CS, 187 [236167]","187","24",313
"88110551056","MOET IMPERIAL 6/CS, 750 [263124]","750","6",249.56
"88110551278","MOET NECTAR IMP 3/CS, 1.5 [263112]","1.5","3",274.5
"88110556051","MOET GRAND VINT *08 6/CS, 750 [263145]","750","6",342
"88600000125","GORDON VODKA 80, 750 [215124]","750","12",153.52
"897845002005","NOLET'S SILVER GIN 4/CS, 750 [241014]","750","4",141.92
